{
    "camera": {
        "translation": [3.14, -0.88, 6.47],
        "rotation": [-0.1, -2.7, 0],
        "perspective": 0.001
    },
    "model": {
        "translation": [-0.2, -0.5, 0.0],
        "rotation": [1.0, 2.0, 3.0],
        "scale": [1.0, 1.2, 1.5]
    },
    "material": {
        "color": [0.95, 0.60, 0.75],
        "shininess": 50.0
    },
    "lights": [
        {
            "color": [1.5, 1.5, 1.5],
            "position": [2.1, 5.2, 3.3]
        },
        {
            "color": [0.5, 0.7, 0.9],
            "position": [2.1, -5.2, -3.3]
        },
        {
            "color": [0.5, 0.3, 0.3],
            "position": [-2.1, -3.2, 0.0]
        }
    ],
    "vertices": [
        0.003167, -0.987467, -0.008885,
        0.245429, -0.800732, 0.029075,
        -0.072082, -0.946083, 0.223351,
        0.726773, -0.434688, 0.516842,
        0.651794, -0.490303, 0.324315,
        0.818253, -0.480436, 0.279738,
        -0.241606, -0.949616, 0.002194,
        -0.07751, -0.967764, -0.238831,
        0.208706, -0.946082, -0.16312,
        0.860698, -0.251151, 0.442858,
        -0.319366, -0.391258, 0.74592,
        -0.09713, -0.414422, 0.699721,
        -0.190777, -0.202763, 0.864753,
        -0.816696, -0.363666, -0.029343,
        -0.675952, -0.415686, 0.122832,
        -0.826327, -0.212189, 0.025895,
        -0.138771, -0.382434, -0.669958,
        -0.441817, -0.463642, -0.675263,
        -0.402006, -0.239967, -0.824344,
        0.723531, -0.44724, -0.52562,
        0.533448, -0.501592, -0.679733,
        0.665775, -0.256883, -0.652264,
        0.687159, -0.251152, 0.681715,
        -0.444984, -0.239225, 0.841811,
        -0.951827, -0.246525, -0.149812,
        -0.039224, -0.196546, -0.803126,
        0.810363, -0.264642, -0.37353,
        0.336345, 0.559397, 0.630475,
        0.496687, 0.526091, 0.669872,
        0.245537, 0.681308, 0.669872,
        -0.710503, 0.4342, 0.523884,
        -0.509077, 0.479586, 0.6785,
        -0.434686, 0.483796, 0.418289,
        -0.45961, 0.307277, -0.4421,
        -0.756742, 0.472622, -0.277503,
        -0.553562, 0.627842, -0.425122,
        0.276312, 0.447199, -0.850544,
        0.029639, 0.502302, -0.864184,
        0.233323, 0.656023, -0.715403,
        0.815093, 0.425952, 0.109269,
        0.67506, 0.460489, -0.024003,
        0.72258, 0.649243, 0.042506,
        0.289711, 0.852824, 0.089285,
        0.149456, 0.75346, -0.072505,
        0.059998, 0.846995, 0.106723,
        0.530696, 0.835825, 0.011499,
        0.400488, 0.778937, -0.173293,
        0.588246, 0.706251, -0.189561,
        0.200441, 0.737259, -0.412051,
        0.434394, 0.697814, -0.482694,
        0.540541, 0.486163, -0.296636,
        0.433636, 0.488811, -0.647237,
        -0.137999, 0.818911, -0.052863,
        -0.099509, 0.778936, -0.335748,
        -0.048429, 0.710594, -0.678089,
        -0.420332, 0.8358, -0.297511,
        -0.356893, 0.720901, -0.586135,
        -0.234211, 0.510546, -0.799934,
        -0.309425, 0.384348, -0.611227,
        -0.009881, 0.739183, 0.165738,
        -0.274636, 0.704822, -0.001861,
        -0.65771, 0.710589, -0.164299,
        -0.094568, 0.52205, 0.262541,
        -0.507361, 0.561219, 0.139492,
        -0.850626, 0.525715, -0.000003,
        -0.789865, 0.479585, 0.292025,
        0.110439, 0.91548, 0.258714,
        0.025259, 0.732037, 0.402354,
        -0.198282, 0.561345, 0.564568,
        0.162477, 0.850633, 0.499992,
        -0.037676, 0.714348, 0.678971,
        -0.256336, 0.537899, 0.785097,
        0.080175, 0.596851, 0.678609,
        0.362641, 0.891918, 0.26481,
        0.447209, 0.723612, 0.525728,
        0.638194, 0.72361, 0.262864,
        0.688189, 0.525736, 0.499997,
        0.828152, 0.501522, 0.242846,
        0.800635, 0.20934, 0.067233,
        0.80341, -0.039574, -0.105652,
        0.625258, 0.212995, -0.09952,
        0.666932, -0.038083, -0.39208,
        0.528733, 0.238314, -0.492487,
        0.544647, -0.011562, -0.7496,
        0.414623, 0.245421, -0.834736,
        0.155215, 0.251152, -0.955422,
        0.014937, 0.007032, -0.980388,
        -0.137944, 0.276262, -0.950974,
        -0.281111, -0.012263, -0.939699,
        -0.223988, 0.158066, -0.779938,
        -0.368618, -0.116179, -0.739592,
        -0.272583, 0.031389, -0.550391,
        -0.638182, 0.133197, -0.372372,
        -0.922402, -0.01519, -0.299935,
        -0.942361, 0.273824, -0.160921,
        -0.984685, 0.004576, -0.01431,
        -0.947197, 0.276401, 0.162443,
        -0.831493, 0.035718, 0.197293,
        -0.846016, 0.255537, 0.429139,
        -0.68701, 0.251196, 0.681577,
        -0.5782, 0.002863, 0.80006,
        -0.447158, 0.276505, 0.850436,
        -0.303949, 0.011532, 0.928498,
        -0.087501, 0.37125, 0.764884,
        0.049602, 0.093356, 0.816788,
        0.24937, 0.427311, 0.609667,
        0.486543, 0.345703, 0.678609,
        0.594294, 0.012176, 0.785118,
        0.671922, 0.278457, 0.684144,
        0.809019, -0.000002, 0.587783,
        0.861804, 0.276394, 0.425323,
        0.951058, 0, 0.309013,
        0.925763, 0.242878, 0.190126,
        0.30915, 0.000062, -0.950882,
        0.460331, -0.270223, -0.833428,
        0.254562, -0.221617, -0.798271,
        0.377119, -0.471952, -0.659002,
        0.186469, -0.400564, -0.580434,
        -0.585794, -0.11833, -0.517073,
        -0.645238, -0.288914, -0.680124,
        -0.851549, -0.257316, -0.422944,
        -0.610499, -0.376459, -0.482133,
        -0.746401, -0.339651, -0.219389,
        -0.69649, 0.033616, 0.482638,
        -0.619854, -0.204118, 0.19925,
        -0.558291, -0.242781, 0.583045,
        -0.568624, -0.490018, 0.388276,
        -0.479512, -0.484604, 0.677932,
        0.359714, 0.094851, 0.764889,
        0.108581, -0.219704, 0.843979,
        0.443186, -0.270968, 0.840476,
        0.227195, -0.479259, 0.722053,
        0.537262, -0.480173, 0.665718,
        0.94883, -0.013715, 0.070477,
        0.947213, -0.276396, 0.162458,
        0.927524, -0.281673, -0.135338,
        0.850653, -0.525715, -0.000015,
        0.812729, -0.502301, -0.295238,
        0.609547, -0.657519, -0.442856,
        0.425328, -0.850634, -0.309026,
        0.374919, -0.717437, -0.570558,
        0.13833, -0.894367, -0.425147,
        0.169153, -0.66883, -0.5354,
        -0.14183, -0.832695, -0.479073,
        -0.116773, -0.602807, -0.564251,
        -0.37112, -0.581077, -0.505492,
        -0.288684, -0.753939, -0.24605,
        -0.480986, -0.421543, -0.226715,
        -0.448039, -0.701374, 0.017864,
        -0.664722, -0.491641, 0.017103,
        -0.60999, -0.694268, 0.251517,
        -0.361791, -0.894409, 0.262867,
        -0.447985, -0.722577, 0.523789,
        -0.167116, -0.844558, 0.488611,
        -0.269046, -0.610351, 0.62829,
        0.673984, -0.711077, -0.171342,
        0.71031, -0.567301, 0.051648,
        0.486704, -0.738116, -0.110812,
        0.505236, -0.534358, 0.084785,
        0.019158, -0.663164, 0.589629,
        0.177691, -0.738118, 0.314509,
        0.400572, -0.566358, 0.475202
    ],